<!DOCTYPE spritesheets>
<spritesheets>
 <spritesheet resolution="ZSkinsGroups_Small" width="2048" height="256" name="sheet_Top" filename="spriteSheets/sheet_Top-ZSkinsGroups_Small.png">
  <sprite scaleY="0.999844" angleDegrees="0" rect="1958,76,81,161" offsetX="-36.3925" offsetY="-107.41" name="4-Leg_Front-1.png" scaleX="0.999844"/>
  <sprite scaleY="0.999844" angleDegrees="0" rect="1768,76,190,150" offsetX="-31.936" offsetY="113.919" name="21-Headchief-qf02.png" scaleX="0.999844"/>
  <sprite scaleY="0.999844" angleDegrees="0" rect="1661,76,107,150" offsetX="-4.7872" offsetY="-33.6501" name="3-Body-1.png" scaleX="0.999844"/>
  <sprite scaleY="0.999844" angleDegrees="0" rect="1593,76,68,138" offsetX="12.6357" offsetY="-116.275" name="5-Leg_Back-1.png" scaleX="0.999844"/>
  <sprite scaleY="0.999844" angleDegrees="0" rect="1491,76,102,126" offsetX="-0.0608" offsetY="-17.7728" name="24-Chest-qf02.png" scaleX="0.999844"/>
  <sprite scaleY="0.999844" angleDegrees="0" rect="1395,76,96,121" offsetX="-16.5262" offsetY="-21.5669" name="24-Chest-qf01.png" scaleX="0.999844"/>
  <sprite scaleY="0.999844" angleDegrees="0" rect="1325,76,70,119" offsetX="-74.0992" offsetY="-54.9995" name="26-Wrist_Front_-qf02.png" scaleX="0.999844"/>
  <sprite scaleY="0.999844" angleDegrees="0" rect="1191,76,134,118" offsetX="-1.6768" offsetY="105.618" name="21-Headchief-qf01.png" scaleX="0.999844"/>
  <sprite scaleY="0.999844" angleDegrees="0" rect="1127,76,64,117" offsetX="28.5248" offsetY="-19.2864" name="9-Arm_Back-1.png" scaleX="0.999844"/>
  <sprite scaleY="0.999844" angleDegrees="0" rect="1063,76,64,117" offsetX="-49.9435" offsetY="-19.2864" name="8-Arm_Front-1.png" scaleX="0.999844"/>
  <sprite scaleY="0.999844" angleDegrees="0" rect="937,76,126,113" offsetX="-3.36107" offsetY="94.4341" name="48-Hair-qf01.png" scaleX="0.999844"/>
  <sprite scaleY="0.999844" angleDegrees="0" rect="825,76,112,113" offsetX="-2.5568" offsetY="70.3061" name="2-Head-1.png" scaleX="0.999844"/>
  <sprite scaleY="0.999844" angleDegrees="0" rect="761,76,64,105" offsetX="47.1584" offsetY="-55.8965" name="30-WristBack_Back-qf02.png" scaleX="0.999844"/>
  <sprite scaleY="0.999844" angleDegrees="0" rect="597,76,164,97" offsetX="-21.1605" offsetY="-94.1771" name="75-Hip_A-qf01.png" scaleX="0.999844"/>
  <sprite scaleY="0.999844" angleDegrees="0" rect="538,76,59,87" offsetX="-31.3515" offsetY="-96.7883" name="62-Thigh_guard_front-qf02.png" scaleX="0.999844"/>
  <sprite scaleY="0.999844" angleDegrees="0" rect="461,76,77,86" offsetX="-43.0475" offsetY="27.4656" name="22-Shoulder_Front-qf02.png" scaleX="0.999844"/>
  <sprite scaleY="0.999844" angleDegrees="0" rect="397,76,64,83" offsetX="-47.488" offsetY="-147.011" name="61-Leg_guard_front-qf02.png" scaleX="0.999844"/>
  <sprite scaleY="0.999844" angleDegrees="0" rect="188,76,209,79" offsetX="40.8213" offsetY="-55.1275" name="66-Weapon-qf01.png" scaleX="0.999844"/>
  <sprite scaleY="0.999844" angleDegrees="0" rect="140,76,48,79" offsetX="0.791467" offsetY="72.4501" name="18-Eyelid_Front-1.png" scaleX="0.999844"/>
  <sprite scaleY="0.999844" angleDegrees="0" rect="27,76,113,76" offsetX="-3.01547" offsetY="-71.7888" name="25-Hip_B-qf02.png" scaleX="0.999844"/>
  <sprite scaleY="0.999844" angleDegrees="0" rect="0,76,27,66" offsetX="38.4096" offsetY="69.8069" name="19-Eyelid_Back-1.png" scaleX="0.999844"/>
  <sprite scaleY="0.999844" angleDegrees="0" rect="1977,0,62,76" offsetX="14.7541" offsetY="-103.955" name="64-thigh_guard_back-qf02.png" scaleX="0.999844"/>
  <sprite scaleY="0.999844" angleDegrees="0" rect="1926,0,51,69" offsetX="5.9616" offsetY="-149.679" name="65-leg_guard_back-qf02.png" scaleX="0.999844"/>
  <sprite scaleY="0.999844" angleDegrees="0" rect="1885,0,41,69" offsetX="0.941867" offsetY="72.3424" name="12-Eye_Front-1.png" scaleX="0.999844"/>
  <sprite scaleY="0.999844" angleDegrees="0" rect="1844,0,41,65" offsetX="49.2117" offsetY="-84.5461" name="10-Hand_Back-3.png" scaleX="0.999844"/>
  <sprite scaleY="0.999844" angleDegrees="0" rect="1792,0,52,62" offsetX="42.3541" offsetY="-59.1851" name="27-Wrist_Back-qf02.png" scaleX="0.999844"/>
  <sprite scaleY="0.999844" angleDegrees="0" rect="1741,0,51,60" offsetX="6.4064" offsetY="-155.977" name="65-leg_guard_back-qf01.png" scaleX="0.999844"/>
  <sprite scaleY="0.999844" angleDegrees="0" rect="1721,0,20,58" offsetX="38.4544" offsetY="69.5989" name="15-Eye_Back-1.png" scaleX="0.999844"/>
  <sprite scaleY="0.999844" angleDegrees="0" rect="1659,0,62,57" offsetX="-42.4352" offsetY="14.5024" name="22-Shoulder_Front-qf01.png" scaleX="0.999844"/>
  <sprite scaleY="0.999844" angleDegrees="0" rect="1607,0,52,57" offsetX="-3.4304" offsetY="51.4752" name="28-Tattoo_Front-qf01.png" scaleX="0.999844"/>
  <sprite scaleY="0.999844" angleDegrees="0" rect="1544,0,63,56" offsetX="28.3605" offsetY="13.7344" name="23-Shoulder_Back-qf02.png" scaleX="0.999844"/>
  <sprite scaleY="0.999844" angleDegrees="0" rect="1486,0,58,54" offsetX="-33.6139" offsetY="-124.707" name="60-knee_pad_front-qf02.png" scaleX="0.999844"/>
  <sprite scaleY="0.999844" angleDegrees="0" rect="1444,0,42,54" offsetX="-62.8309" offsetY="-83.2576" name="11-Hand_Front-1.png" scaleX="0.999844"/>
  <sprite scaleY="0.999844" angleDegrees="0" rect="1415,0,29,51" offsetX="43.3077" offsetY="52.1109" name="29-Tattoo_Back-qf01.png" scaleX="0.999844"/>
  <sprite scaleY="0.999844" angleDegrees="0" rect="1359,0,56,50" offsetX="11.3771" offsetY="-129.022" name="63-knee_pad_back-qf02.png" scaleX="0.999844"/>
  <sprite scaleY="0.999844" angleDegrees="0" rect="1307,0,52,49" offsetX="-53.0603" offsetY="-163.002" name="61-Leg_guard_front-qf01.png" scaleX="0.999844"/>
  <sprite scaleY="0.999844" angleDegrees="0" rect="1252,0,55,42" offsetX="21.7835" offsetY="19.1851" name="23-Shoulder_Back-qf01.png" scaleX="0.999844"/>
  <sprite scaleY="0.999844" angleDegrees="0" rect="1197,0,55,34" offsetX="-49.1819" offsetY="-181.106" name="7-Feet_Front-1.png" scaleX="0.999844"/>
  <sprite scaleY="0.999844" angleDegrees="0" rect="1163,0,34,33" offsetX="48.0277" offsetY="-61.8773" name="27-Wrist_Back-qf01.png" scaleX="0.999844"/>
  <sprite scaleY="0.999844" angleDegrees="0" rect="1130,0,33,31" offsetX="-68.3872" offsetY="-61.3163" name="26-Wrist_Front_-qf01.png" scaleX="0.999844"/>
  <sprite scaleY="0.999844" angleDegrees="0" rect="1078,0,52,28" offsetX="14.7445" offsetY="-176.263" name="6-Feet_Back-1.png" scaleX="0.999844"/>
  <sprite scaleY="0.999844" angleDegrees="0" rect="1045,0,33,25" offsetX="46.4704" offsetY="-55.8667" name="30-WristBack_Back-qf01.png" scaleX="0.999844"/>
  <sprite scaleY="0.999844" angleDegrees="0" rect="1019,0,26,24" offsetX="-15.6757" offsetY="91.9989" name="13-Eyebrow_Front-1.png" scaleX="0.999844"/>
  <sprite scaleY="0.999844" angleDegrees="0" rect="996,0,23,24" offsetX="43.44" offsetY="92.0555" name="14-Eyebrow_Back-1.png" scaleX="0.999844"/>
  <sprite scaleY="0.999844" angleDegrees="0" rect="980,0,16,23" offsetX="5.31413" offsetY="58.5451" name="17-Pupil_Front-1.png" scaleX="0.999844"/>
  <sprite scaleY="0.999844" angleDegrees="0" rect="966,0,14,21" offsetX="39.1563" offsetY="59.5104" name="16-Pupil_Back-1.png" scaleX="0.999844"/>
  <sprite scaleY="0.999844" angleDegrees="0" rect="954,0,12,12" offsetX="0" offsetY="0" name="20-Mouth-1.png" scaleX="0.999844"/>
  <sprite scaleY="0.999844" angleDegrees="0" rect="954,0,12,12" offsetX="0" offsetY="0" name="28-Tattoo_Front-qf02.png" scaleX="0.999844"/>
  <sprite scaleY="0.999844" angleDegrees="0" rect="954,0,12,12" offsetX="0" offsetY="0" name="31-WristBack_Front-qf01.png" scaleX="0.999844"/>
  <sprite scaleY="0.999844" angleDegrees="0" rect="954,0,12,12" offsetX="0" offsetY="0" name="29-Tattoo_Back-qf02.png" scaleX="0.999844"/>
  <sprite scaleY="0.999844" angleDegrees="0" rect="954,0,12,12" offsetX="0" offsetY="0" name="31-WristBack_Front-qf02.png" scaleX="0.999844"/>
 </spritesheet>
 <spritesheet resolution="ZSkinsGroups_Medium" width="2048" height="1024" name="sheet_Top" filename="spriteSheets/sheet_Top-ZSkinsGroups_Medium.png">
  <sprite scaleY="0.499922" angleDegrees="0" rect="1896,335,150,310" offsetX="-72.7851" offsetY="-214.82" name="4-Leg_Front-1.png" scaleX="0.499922"/>
  <sprite scaleY="0.499922" angleDegrees="0" rect="1528,335,368,289" offsetX="-63.872" offsetY="227.838" name="21-Headchief-qf02.png" scaleX="0.499922"/>
  <sprite scaleY="0.499922" angleDegrees="0" rect="1326,335,202,288" offsetX="-9.5744" offsetY="-67.3003" name="3-Body-1.png" scaleX="0.499922"/>
  <sprite scaleY="0.499922" angleDegrees="0" rect="1202,335,124,265" offsetX="25.2715" offsetY="-232.55" name="5-Leg_Back-1.png" scaleX="0.499922"/>
  <sprite scaleY="0.499922" angleDegrees="0" rect="1010,335,192,241" offsetX="-0.1216" offsetY="-35.5456" name="24-Chest-qf02.png" scaleX="0.499922"/>
  <sprite scaleY="0.499922" angleDegrees="0" rect="830,335,180,230" offsetX="-33.0524" offsetY="-43.1339" name="24-Chest-qf01.png" scaleX="0.499922"/>
  <sprite scaleY="0.499922" angleDegrees="0" rect="702,335,128,226" offsetX="-148.198" offsetY="-109.999" name="26-Wrist_Front_-qf02.png" scaleX="0.499922"/>
  <sprite scaleY="0.499922" angleDegrees="0" rect="446,335,256,225" offsetX="-3.3536" offsetY="211.236" name="21-Headchief-qf01.png" scaleX="0.499922"/>
  <sprite scaleY="0.499922" angleDegrees="0" rect="330,335,116,223" offsetX="57.0496" offsetY="-38.5728" name="9-Arm_Back-1.png" scaleX="0.499922"/>
  <sprite scaleY="0.499922" angleDegrees="0" rect="214,335,116,223" offsetX="-99.8869" offsetY="-38.5728" name="8-Arm_Front-1.png" scaleX="0.499922"/>
  <sprite scaleY="0.499922" angleDegrees="0" rect="2,335,212,214" offsetX="-5.1136" offsetY="140.612" name="2-Head-1.png" scaleX="0.499922"/>
  <sprite scaleY="0.499922" angleDegrees="0" rect="1805,120,241,215" offsetX="-6.72213" offsetY="188.868" name="48-Hair-qf01.png" scaleX="0.499922"/>
  <sprite scaleY="0.499922" angleDegrees="0" rect="1689,120,116,199" offsetX="94.3168" offsetY="-111.793" name="30-WristBack_Back-qf02.png" scaleX="0.499922"/>
  <sprite scaleY="0.499922" angleDegrees="0" rect="1373,120,316,182" offsetX="-42.3211" offsetY="-188.354" name="75-Hip_A-qf01.png" scaleX="0.499922"/>
  <sprite scaleY="0.499922" angleDegrees="0" rect="1267,120,106,163" offsetX="-62.7029" offsetY="-193.577" name="62-Thigh_guard_front-qf02.png" scaleX="0.499922"/>
  <sprite scaleY="0.499922" angleDegrees="0" rect="1125,120,142,161" offsetX="-86.0949" offsetY="54.9312" name="22-Shoulder_Front-qf02.png" scaleX="0.499922"/>
  <sprite scaleY="0.499922" angleDegrees="0" rect="1008,120,117,155" offsetX="-94.976" offsetY="-294.022" name="61-Leg_guard_front-qf02.png" scaleX="0.499922"/>
  <sprite scaleY="0.499922" angleDegrees="0" rect="923,120,85,147" offsetX="1.58293" offsetY="144.9" name="18-Eyelid_Front-1.png" scaleX="0.499922"/>
  <sprite scaleY="0.499922" angleDegrees="0" rect="517,120,406,146" offsetX="81.6427" offsetY="-110.255" name="66-Weapon-qf01.png" scaleX="0.499922"/>
  <sprite scaleY="0.499922" angleDegrees="0" rect="303,120,214,141" offsetX="-6.03093" offsetY="-143.578" name="25-Hip_B-qf02.png" scaleX="0.499922"/>
  <sprite scaleY="0.499922" angleDegrees="0" rect="191,120,112,141" offsetX="29.5083" offsetY="-207.91" name="64-thigh_guard_back-qf02.png" scaleX="0.499922"/>
  <sprite scaleY="0.499922" angleDegrees="0" rect="100,120,91,127" offsetX="11.9232" offsetY="-299.358" name="65-leg_guard_back-qf02.png" scaleX="0.499922"/>
  <sprite scaleY="0.499922" angleDegrees="0" rect="29,120,71,126" offsetX="1.88373" offsetY="144.685" name="12-Eye_Front-1.png" scaleX="0.499922"/>
  <sprite scaleY="0.499922" angleDegrees="0" rect="0,120,29,105" offsetX="76.9088" offsetY="139.198" name="15-Eye_Back-1.png" scaleX="0.499922"/>
  <sprite scaleY="0.499922" angleDegrees="0" rect="2004,0,42,120" offsetX="76.8192" offsetY="139.614" name="19-Eyelid_Back-1.png" scaleX="0.499922"/>
  <sprite scaleY="0.499922" angleDegrees="0" rect="1934,0,70,119" offsetX="98.4235" offsetY="-169.092" name="10-Hand_Back-3.png" scaleX="0.499922"/>
  <sprite scaleY="0.499922" angleDegrees="0" rect="1841,0,93,112" offsetX="84.7083" offsetY="-118.37" name="27-Wrist_Back-qf02.png" scaleX="0.499922"/>
  <sprite scaleY="0.499922" angleDegrees="0" rect="1751,0,90,109" offsetX="12.8128" offsetY="-311.955" name="65-leg_guard_back-qf01.png" scaleX="0.499922"/>
  <sprite scaleY="0.499922" angleDegrees="0" rect="1638,0,113,103" offsetX="-84.8704" offsetY="29.0048" name="22-Shoulder_Front-qf01.png" scaleX="0.499922"/>
  <sprite scaleY="0.499922" angleDegrees="0" rect="1545,0,93,103" offsetX="-6.8608" offsetY="102.95" name="28-Tattoo_Front-qf01.png" scaleX="0.499922"/>
  <sprite scaleY="0.499922" angleDegrees="0" rect="1431,0,114,101" offsetX="56.7211" offsetY="27.4688" name="23-Shoulder_Back-qf02.png" scaleX="0.499922"/>
  <sprite scaleY="0.499922" angleDegrees="0" rect="1358,0,73,97" offsetX="-125.662" offsetY="-166.515" name="11-Hand_Front-1.png" scaleX="0.499922"/>
  <sprite scaleY="0.499922" angleDegrees="0" rect="1254,0,104,96" offsetX="-67.2277" offsetY="-249.414" name="60-knee_pad_front-qf02.png" scaleX="0.499922"/>
  <sprite scaleY="0.499922" angleDegrees="0" rect="1207,0,47,90" offsetX="86.6155" offsetY="104.222" name="29-Tattoo_Back-qf01.png" scaleX="0.499922"/>
  <sprite scaleY="0.499922" angleDegrees="0" rect="1106,0,101,88" offsetX="22.7541" offsetY="-258.044" name="63-knee_pad_back-qf02.png" scaleX="0.499922"/>
  <sprite scaleY="0.499922" angleDegrees="0" rect="1014,0,92,86" offsetX="-106.121" offsetY="-326.003" name="61-Leg_guard_front-qf01.png" scaleX="0.499922"/>
  <sprite scaleY="0.499922" angleDegrees="0" rect="916,0,98,72" offsetX="43.5669" offsetY="38.3701" name="23-Shoulder_Back-qf01.png" scaleX="0.499922"/>
  <sprite scaleY="0.499922" angleDegrees="0" rect="818,0,98,56" offsetX="-98.3637" offsetY="-362.212" name="7-Feet_Front-1.png" scaleX="0.499922"/>
  <sprite scaleY="0.499922" angleDegrees="0" rect="761,0,57,55" offsetX="96.0555" offsetY="-123.755" name="27-Wrist_Back-qf01.png" scaleX="0.499922"/>
  <sprite scaleY="0.499922" angleDegrees="0" rect="707,0,54,51" offsetX="-136.774" offsetY="-122.633" name="26-Wrist_Front_-qf01.png" scaleX="0.499922"/>
  <sprite scaleY="0.499922" angleDegrees="0" rect="615,0,92,44" offsetX="29.4891" offsetY="-352.527" name="6-Feet_Back-1.png" scaleX="0.499922"/>
  <sprite scaleY="0.499922" angleDegrees="0" rect="561,0,54,39" offsetX="92.9408" offsetY="-111.733" name="30-WristBack_Back-qf01.png" scaleX="0.499922"/>
  <sprite scaleY="0.499922" angleDegrees="0" rect="526,0,35,37" offsetX="86.88" offsetY="184.111" name="14-Eyebrow_Back-1.png" scaleX="0.499922"/>
  <sprite scaleY="0.499922" angleDegrees="0" rect="485,0,41,36" offsetX="-31.3515" offsetY="183.998" name="13-Eyebrow_Front-1.png" scaleX="0.499922"/>
  <sprite scaleY="0.499922" angleDegrees="0" rect="465,0,20,34" offsetX="10.6283" offsetY="117.09" name="17-Pupil_Front-1.png" scaleX="0.499922"/>
  <sprite scaleY="0.499922" angleDegrees="0" rect="448,0,17,31" offsetX="78.3125" offsetY="119.021" name="16-Pupil_Back-1.png" scaleX="0.499922"/>
  <sprite scaleY="0.499922" angleDegrees="0" rect="436,0,12,12" offsetX="0" offsetY="0" name="20-Mouth-1.png" scaleX="0.499922"/>
  <sprite scaleY="0.499922" angleDegrees="0" rect="436,0,12,12" offsetX="0" offsetY="0" name="28-Tattoo_Front-qf02.png" scaleX="0.499922"/>
  <sprite scaleY="0.499922" angleDegrees="0" rect="436,0,12,12" offsetX="0" offsetY="0" name="31-WristBack_Front-qf01.png" scaleX="0.499922"/>
  <sprite scaleY="0.499922" angleDegrees="0" rect="436,0,12,12" offsetX="0" offsetY="0" name="29-Tattoo_Back-qf02.png" scaleX="0.499922"/>
  <sprite scaleY="0.499922" angleDegrees="0" rect="436,0,12,12" offsetX="0" offsetY="0" name="31-WristBack_Front-qf02.png" scaleX="0.499922"/>
 </spritesheet>
</spritesheets>
